{"army0":[{"Horsemen":11}, {"Archers":10}, {"Swordsmen":10}, {"Swordsmen":13}, {"Spearmen":11}, {"Archers":10}, {"Spearmen":14}, {"Spearmen":13}, {"Spearmen":14}, {"Swordsmen":12}, {"Spearmen":14}, {"Archers":11}, {"Swordsmen":12}, {"Horsemen":13}, {"Spearmen":11}, {"Swordsmen":9}, {"Spearmen":12}],
"army1":[{"Archers":10}, {"Horsemen":14}, {"Swordsmen":14}, {"Swordsmen":13}, {"Spearmen":14}, {"Spearmen":11}, {"Archers":12}, {"Spearmen":9}, {"Swordsmen":12}, {"Archers":11}, {"Swordsmen":13}, {"Horsemen":11}, {"Spearmen":9}, {"Horsemen":12}, {"Spearmen":13}, {"Swordsmen":12}, {"Spearmen":10}],
"army2":[{"Horsemen":8}, {"Horsemen":9}, {"Horsemen":7}, {"Archers":8}, {"Horsemen":8}, {"Swordsmen":8}, {"Archers":7}, {"Spearmen":7}, {"Swordsmen":8}, {"Horsemen":9}, {"Horsemen":9}, {"Spearmen":10}, {"Spearmen":8}, {"Swordsmen":8}, {"Swordsmen":8}, {"Spearmen":8}, {"Archers":8}, {"Archers":8}, {"Archers":8}, {"Swordsmen":9}, {"Spearmen":9}, {"Horsemen":9}, {"Spearmen":7}, {"Horsemen":6}, {"Horsemen":6}],
"army3":[{"Spearmen":9}, {"Spearmen":12}, {"Swordsmen":9}, {"Archers":13}, {"Swordsmen":9}, {"Spearmen":13}, {"Spearmen":12}, {"Swordsmen":9}, {"Spearmen":9}, {"Spearmen":9}, {"Archers":13}, {"Spearmen":11}, {"Swordsmen":11}, {"Spearmen":13}, {"Horsemen":9}, {"Horsemen":11}, {"Swordsmen":10}, {"Archers":8}, {"Archers":10}],
"army4":[{"Archers":13}, {"Spearmen":11}, {"Horsemen":14}, {"Spearmen":11}, {"Horsemen":10}, {"Swordsmen":10}, {"Spearmen":14}, {"Horsemen":11}, {"Spearmen":13}, {"Spearmen":12}, {"Archers":14}, {"Swordsmen":10}, {"Spearmen":13}, {"Horsemen":10}, {"Spearmen":13}, {"Swordsmen":9}, {"Spearmen":12}],
"army5":[{"Spearmen":53}, {"Spearmen":71}, {"Horsemen":76}],
"army6":[{"Horsemen":10}, {"Spearmen":10}, {"Swordsmen":7}, {"Spearmen":11}, {"Archers":11}, {"Spearmen":10}, {"Archers":8}, {"Swordsmen":10}, {"Horsemen":11}, {"Swordsmen":11}, {"Horsemen":10}, {"Swordsmen":10}, {"Archers":7}, {"Spearmen":9}, {"Swordsmen":7}, {"Swordsmen":11}, {"Archers":7}, {"Spearmen":9}, {"Swordsmen":7}, {"Spearmen":10}, {"Swordsmen":8}, {"Swordsmen":6}],
"army7":[{"Swordsmen":13}, {"Archers":12}, {"Swordsmen":9}, {"Spearmen":11}, {"Swordsmen":11}, {"Archers":12}, {"Archers":9}, {"Horsemen":12}, {"Spearmen":10}, {"Spearmen":11}, {"Spearmen":12}, {"Horsemen":10}, {"Swordsmen":8}, {"Swordsmen":12}, {"Horsemen":10}, {"Spearmen":12}, {"Archers":8}, {"Horsemen":10}, {"Archers":8}],
"army8":[{"Horsemen":9}, {"Swordsmen":13}, {"Swordsmen":9}, {"Archers":12}, {"Horsemen":10}, {"Horsemen":9}, {"Spearmen":9}, {"Swordsmen":11}, {"Spearmen":9}, {"Swordsmen":10}, {"Horsemen":9}, {"Horsemen":10}, {"Archers":11}, {"Spearmen":12}, {"Spearmen":8}, {"Spearmen":8}, {"Horsemen":11}, {"Horsemen":10}, {"Spearmen":8}, {"Archers":12}],
"army9":[{"Horsemen":12}, {"Spearmen":12}, {"Spearmen":10}, {"Spearmen":11}, {"Swordsmen":11}, {"Swordsmen":7}, {"Horsemen":9}, {"Swordsmen":8}, {"Horsemen":10}, {"Spearmen":8}, {"Horsemen":9}, {"Archers":9}, {"Archers":9}, {"Archers":7}, {"Swordsmen":11}, {"Swordsmen":7}, {"Swordsmen":7}, {"Spearmen":11}, {"Archers":7}, {"Spearmen":8}, {"Horsemen":7}, {"Spearmen":10}],
"army10":[{"Archers":7}, {"Swordsmen":7}, {"Swordsmen":8}, {"Spearmen":8}, {"Spearmen":8}, {"Horsemen":10}, {"Swordsmen":8}, {"Archers":7}, {"Spearmen":9}, {"Archers":9}, {"Spearmen":9}, {"Swordsmen":10}, {"Swordsmen":9}, {"Horsemen":9}, {"Spearmen":10}, {"Archers":10}, {"Spearmen":9}, {"Swordsmen":8}, {"Spearmen":8}, {"Swordsmen":10}, {"Archers":10}, {"Swordsmen":9}, {"Spearmen":8}],
"army11":[{"Horsemen":9}, {"Archers":9}, {"Swordsmen":8}, {"Swordsmen":8}, {"Spearmen":8}, {"Horsemen":7}, {"Spearmen":6}, {"Swordsmen":9}, {"Spearmen":7}, {"Spearmen":9}, {"Swordsmen":8}, {"Spearmen":6}, {"Spearmen":7}, {"Archers":7}, {"Archers":8}, {"Swordsmen":7}, {"Archers":8}, {"Horsemen":7}, {"Archers":8}, {"Archers":7}, {"Swordsmen":6}, {"Archers":8}, {"Spearmen":6}, {"Swordsmen":7}, {"Swordsmen":6}, {"Swordsmen":7}, {"Horsemen":7}],
"army12":[{"Swordsmen":12}, {"Archers":11}, {"Swordsmen":12}, {"Spearmen":11}, {"Archers":8}, {"Spearmen":10}, {"Spearmen":10}, {"Horsemen":7}, {"Horsemen":8}, {"Horsemen":11}, {"Spearmen":11}, {"Swordsmen":8}, {"Swordsmen":8}, {"Spearmen":11}, {"Horsemen":7}, {"Spearmen":11}, {"Swordsmen":9}, {"Archers":9}, {"Swordsmen":8}, {"Archers":8}, {"Horsemen":10}],
"army13":[{"Horsemen":23}, {"Horsemen":16}, {"Horsemen":16}, {"Horsemen":14}, {"Spearmen":20}, {"Horsemen":22}, {"Spearmen":18}, {"Archers":22}, {"Spearmen":18}, {"Swordsmen":17}, {"Archers":14}],
"army14":[{"Archers":8}, {"Swordsmen":7}, {"Archers":7}, {"Spearmen":9}, {"Spearmen":9}, {"Horsemen":7}, {"Swordsmen":9}, {"Horsemen":7}, {"Horsemen":7}, {"Spearmen":8}, {"Swordsmen":10}, {"Horsemen":8}, {"Archers":8}, {"Swordsmen":8}, {"Archers":10}, {"Archers":9}, {"Spearmen":9}, {"Spearmen":6}, {"Horsemen":7}, {"Spearmen":9}, {"Swordsmen":6}, {"Horsemen":8}, {"Swordsmen":6}, {"Spearmen":9}, {"Spearmen":9}],
"army15":[{"Horsemen":59}, {"Archers":70}, {"Spearmen":71}],
"army16":[{"Archers":39}, {"Swordsmen":42}, {"Spearmen":29}, {"Spearmen":36}, {"Horsemen":27}, {"Swordsmen":27}],
"army17":[{"Spearmen":18}, {"Horsemen":16}, {"Spearmen":22}, {"Spearmen":16}, {"Swordsmen":22}, {"Spearmen":15}, {"Horsemen":20}, {"Archers":16}, {"Swordsmen":15}, {"Spearmen":23}, {"Swordsmen":17}],
"army18":[{"Archers":7}, {"Spearmen":9}, {"Spearmen":8}, {"Archers":8}, {"Horsemen":8}, {"Swordsmen":7}, {"Horsemen":10}, {"Horsemen":7}, {"Spearmen":9}, {"Archers":7}, {"Spearmen":10}, {"Spearmen":9}, {"Archers":6}, {"Horsemen":6}, {"Spearmen":8}, {"Spearmen":6}, {"Horsemen":9}, {"Spearmen":7}, {"Spearmen":6}, {"Swordsmen":7}, {"Horsemen":8}, {"Spearmen":7}, {"Swordsmen":8}, {"Swordsmen":6}, {"Swordsmen":9}, {"Spearmen":8}],
"army19":[{"Archers":70}, {"Swordsmen":54}, {"Horsemen":76}],
"army20":[{"Archers":10}, {"Swordsmen":10}, {"Archers":8}, {"Swordsmen":10}, {"Horsemen":8}, {"Archers":7}, {"Horsemen":8}, {"Spearmen":9}, {"Spearmen":7}, {"Archers":6}, {"Swordsmen":8}, {"Horsemen":7}, {"Swordsmen":9}, {"Horsemen":6}, {"Horsemen":8}, {"Swordsmen":9}, {"Spearmen":8}, {"Spearmen":9}, {"Archers":8}, {"Spearmen":9}, {"Horsemen":7}, {"Spearmen":8}, {"Horsemen":7}, {"Horsemen":7}, {"Swordsmen":7}],
"army21":[{"Swordsmen":12}, {"Swordsmen":10}, {"Swordsmen":12}, {"Swordsmen":10}, {"Archers":11}, {"Horsemen":9}, {"Spearmen":8}, {"Horsemen":12}, {"Spearmen":10}, {"Archers":8}, {"Horsemen":8}, {"Swordsmen":11}, {"Horsemen":11}, {"Horsemen":12}, {"Spearmen":8}, {"Horsemen":10}, {"Horsemen":9}, {"Archers":9}, {"Horsemen":9}, {"Horsemen":11}],
"army22":[{"Horsemen":9}, {"Archers":9}, {"Horsemen":7}, {"Horsemen":8}, {"Archers":8}, {"Spearmen":9}, {"Horsemen":9}, {"Spearmen":8}, {"Spearmen":8}, {"Swordsmen":7}, {"Swordsmen":7}, {"Horsemen":10}, {"Swordsmen":9}, {"Archers":7}, {"Swordsmen":9}, {"Horsemen":8}, {"Swordsmen":10}, {"Archers":10}, {"Archers":10}, {"Horsemen":9}, {"Archers":8}, {"Horsemen":9}, {"Archers":6}, {"Swordsmen":6}],
"army23":[{"Archers":8}, {"Spearmen":10}, {"Archers":10}, {"Swordsmen":10}, {"Spearmen":8}, {"Archers":7}, {"Horsemen":9}, {"Horsemen":9}, {"Horsemen":9}, {"Swordsmen":7}, {"Spearmen":8}, {"Spearmen":8}, {"Horsemen":8}, {"Horsemen":8}, {"Swordsmen":8}, {"Spearmen":8}, {"Horsemen":10}, {"Spearmen":8}, {"Horsemen":9}, {"Archers":10}, {"Horsemen":10}, {"Spearmen":10}, {"Spearmen":8}],
"army24":[{"Horsemen":16}, {"Swordsmen":16}, {"Archers":16}, {"Horsemen":16}, {"Horsemen":16}, {"Swordsmen":23}, {"Archers":16}, {"Horsemen":21}, {"Spearmen":21}, {"Swordsmen":17}, {"Archers":22}],
"army25":[{"Swordsmen":11}, {"Horsemen":10}, {"Archers":8}, {"Archers":10}, {"Spearmen":9}, {"Horsemen":7}, {"Spearmen":9}, {"Horsemen":9}, {"Archers":11}, {"Swordsmen":11}, {"Spearmen":9}, {"Spearmen":10}, {"Spearmen":7}, {"Archers":8}, {"Swordsmen":8}, {"Horsemen":11}, {"Spearmen":11}, {"Swordsmen":10}, {"Spearmen":7}, {"Swordsmen":10}, {"Spearmen":7}, {"Spearmen":7}],
"army26":[{"Swordsmen":8}, {"Spearmen":6}, {"Swordsmen":7}, {"Spearmen":7}, {"Swordsmen":8}, {"Archers":8}, {"Spearmen":8}, {"Spearmen":7}, {"Archers":6}, {"Archers":7}, {"Spearmen":6}, {"Swordsmen":8}, {"Spearmen":8}, {"Spearmen":8}, {"Swordsmen":6}, {"Archers":8}, {"Swordsmen":8}, {"Swordsmen":7}, {"Spearmen":7}, {"Swordsmen":8}, {"Swordsmen":6}, {"Swordsmen":7}, {"Spearmen":7}, {"Archers":5}, {"Horsemen":6}, {"Spearmen":6}, {"Spearmen":5}, {"Swordsmen":5}, {"Swordsmen":7}],
"army27":[{"Swordsmen":42}, {"Archers":57}, {"Archers":46}, {"Archers":55}],
"army28":[{"Archers":17}, {"Horsemen":19}, {"Horsemen":20}, {"Spearmen":13}, {"Swordsmen":16}, {"Horsemen":16}, {"Swordsmen":15}, {"Archers":16}, {"Spearmen":13}, {"Spearmen":19}, {"Swordsmen":16}, {"Horsemen":20}],
"army29":[{"Horsemen":10}, {"Archers":10}, {"Horsemen":9}, {"Horsemen":10}, {"Spearmen":9}, {"Archers":7}, {"Spearmen":7}, {"Horsemen":9}, {"Spearmen":7}, {"Horsemen":8}, {"Spearmen":8}, {"Swordsmen":9}, {"Spearmen":8}, {"Spearmen":9}, {"Spearmen":8}, {"Archers":9}, {"Horsemen":8}, {"Spearmen":9}, {"Swordsmen":8}, {"Swordsmen":10}, {"Archers":10}, {"Archers":9}, {"Swordsmen":9}],
"army30":[{"Horsemen":9}, {"Horsemen":11}, {"Horsemen":9}, {"Horsemen":8}, {"Swordsmen":9}, {"Swordsmen":10}, {"Horsemen":9}, {"Archers":9}, {"Spearmen":10}, {"Archers":8}, {"Swordsmen":8}, {"Swordsmen":10}, {"Horsemen":7}, {"Swordsmen":8}, {"Archers":10}, {"Horsemen":9}, {"Spearmen":7}, {"Horsemen":7}, {"Horsemen":9}, {"Archers":10}, {"Horsemen":8}, {"Swordsmen":7}, {"Horsemen":8}],
"army31":[{"Horsemen":26}, {"Horsemen":24}, {"Horsemen":29}, {"Spearmen":25}, {"Archers":30}, {"Swordsmen":36}, {"Archers":30}],
"army32":[{"Spearmen":96}, {"Archers":104}],
"army33":[{"Horsemen":10}, {"Archers":8}, {"Swordsmen":9}, {"Spearmen":7}, {"Spearmen":8}, {"Horsemen":10}, {"Spearmen":7}, {"Swordsmen":8}, {"Swordsmen":9}, {"Horsemen":10}, {"Spearmen":8}, {"Archers":7}, {"Horsemen":8}, {"Archers":7}, {"Horsemen":8}, {"Horsemen":9}, {"Archers":7}, {"Archers":8}, {"Horsemen":9}, {"Spearmen":7}, {"Horsemen":8}, {"Horsemen":7}, {"Horsemen":8}, {"Swordsmen":6}, {"Swordsmen":7}],
"army34":[{"Spearmen":20}, {"Horsemen":14}, {"Swordsmen":16}, {"Horsemen":16}, {"Swordsmen":13}, {"Archers":19}, {"Spearmen":13}, {"Spearmen":18}, {"Horsemen":13}, {"Swordsmen":13}, {"Swordsmen":15}, {"Spearmen":12}, {"Spearmen":18}],
"army35":[{"Archers":18}, {"Archers":19}, {"Horsemen":19}, {"Horsemen":16}, {"Horsemen":14}, {"Horsemen":12}, {"Archers":12}, {"Swordsmen":14}, {"Archers":11}, {"Spearmen":18}, {"Horsemen":17}, {"Archers":14}, {"Horsemen":16}],
"army36":[{"Spearmen":13}, {"Horsemen":13}, {"Spearmen":11}, {"Archers":11}, {"Horsemen":8}, {"Horsemen":11}, {"Horsemen":11}, {"Horsemen":9}, {"Spearmen":9}, {"Archers":10}, {"Swordsmen":8}, {"Archers":10}, {"Archers":10}, {"Swordsmen":12}, {"Horsemen":10}, {"Archers":9}, {"Horsemen":9}, {"Archers":8}, {"Spearmen":10}, {"Archers":8}],
"army37":[{"Swordsmen":28}, {"Spearmen":26}, {"Archers":29}, {"Swordsmen":31}, {"Horsemen":31}, {"Horsemen":31}, {"Archers":24}],
"army38":[{"Archers":32}, {"Spearmen":31}, {"Archers":31}, {"Archers":34}, {"Horsemen":34}, {"Archers":38}],
"army39":[{"Horsemen":77}, {"Horsemen":123}],
"army40":[{"Swordsmen":12}, {"Swordsmen":9}, {"Horsemen":11}, {"Horsemen":14}, {"Archers":14}, {"Swordsmen":13}, {"Horsemen":11}, {"Swordsmen":13}, {"Swordsmen":12}, {"Spearmen":11}, {"Archers":13}, {"Archers":14}, {"Spearmen":12}, {"Horsemen":13}, {"Archers":10}, {"Swordsmen":10}, {"Spearmen":8}],
"army41":[{"Swordsmen":9}, {"Swordsmen":10}, {"Horsemen":8}, {"Swordsmen":8}, {"Archers":7}, {"Swordsmen":9}, {"Swordsmen":9}, {"Archers":8}, {"Horsemen":9}, {"Horsemen":8}, {"Swordsmen":7}, {"Archers":9}, {"Spearmen":7}, {"Archers":8}, {"Spearmen":9}, {"Archers":8}, {"Horsemen":8}, {"Spearmen":8}, {"Horsemen":7}, {"Horsemen":8}, {"Archers":9}, {"Swordsmen":6}, {"Horsemen":6}, {"Archers":8}, {"Spearmen":7}],
"army42":[{"Archers":9}, {"Spearmen":8}, {"Swordsmen":6}, {"Spearmen":8}, {"Archers":9}, {"Spearmen":7}, {"Archers":6}, {"Archers":6}, {"Horsemen":9}, {"Spearmen":7}, {"Archers":9}, {"Swordsmen":6}, {"Archers":9}, {"Archers":8}, {"Archers":5}, {"Archers":6}, {"Horsemen":5}, {"Archers":8}, {"Horsemen":8}, {"Archers":8}, {"Swordsmen":5}, {"Spearmen":8}, {"Spearmen":7}, {"Horsemen":6}, {"Horsemen":6}, {"Swordsmen":6}, {"Swordsmen":7}, {"Swordsmen":8}],
"army43":[{"Swordsmen":11}, {"Spearmen":9}, {"Horsemen":7}, {"Horsemen":8}, {"Swordsmen":9}, {"Horsemen":7}, {"Swordsmen":7}, {"Horsemen":10}, {"Spearmen":8}, {"Swordsmen":9}, {"Archers":10}, {"Spearmen":9}, {"Horsemen":9}, {"Archers":9}, {"Horsemen":10}, {"Spearmen":10}, {"Archers":7}, {"Swordsmen":7}, {"Horsemen":9}, {"Swordsmen":8}, {"Swordsmen":10}, {"Archers":9}, {"Horsemen":8}],
"army44":[{"Swordsmen":21}, {"Horsemen":24}, {"Spearmen":20}, {"Archers":22}, {"Archers":25}, {"Swordsmen":25}, {"Swordsmen":26}, {"Spearmen":19}, {"Horsemen":18}],
"army45":[{"Archers":101}, {"Archers":99}],
"army46":[{"Horsemen":9}, {"Horsemen":9}, {"Spearmen":9}, {"Horsemen":9}, {"Archers":7}, {"Archers":7}, {"Swordsmen":9}, {"Archers":7}, {"Horsemen":6}, {"Swordsmen":8}, {"Horsemen":7}, {"Archers":8}, {"Archers":8}, {"Horsemen":8}, {"Spearmen":6}, {"Archers":8}, {"Swordsmen":7}, {"Horsemen":8}, {"Horsemen":7}, {"Horsemen":6}, {"Spearmen":7}, {"Spearmen":9}, {"Horsemen":7}, {"Swordsmen":5}, {"Spearmen":5}, {"Horsemen":7}, {"Spearmen":7}],
"army47":[{"Swordsmen":11}, {"Horsemen":12}, {"Archers":10}, {"Horsemen":10}, {"Spearmen":10}, {"Archers":12}, {"Horsemen":9}, {"Archers":9}, {"Swordsmen":10}, {"Archers":9}, {"Swordsmen":11}, {"Archers":9}, {"Spearmen":9}, {"Spearmen":12}, {"Horsemen":9}, {"Spearmen":8}, {"Swordsmen":9}, {"Spearmen":9}, {"Swordsmen":11}, {"Swordsmen":11}],
"army48":[{"Spearmen":9}, {"Archers":7}, {"Horsemen":9}, {"Archers":8}, {"Spearmen":9}, {"Swordsmen":9}, {"Swordsmen":9}, {"Archers":9}, {"Swordsmen":7}, {"Horsemen":6}, {"Spearmen":9}, {"Horsemen":7}, {"Archers":6}, {"Swordsmen":6}, {"Swordsmen":8}, {"Archers":7}, {"Spearmen":8}, {"Archers":6}, {"Swordsmen":8}, {"Swordsmen":7}, {"Horsemen":9}, {"Horsemen":8}, {"Spearmen":8}, {"Swordsmen":7}, {"Archers":6}, {"Spearmen":8}],
"army49":[{"Spearmen":21}, {"Archers":18}, {"Spearmen":16}, {"Archers":16}, {"Archers":17}, {"Swordsmen":14}, {"Archers":16}, {"Swordsmen":22}, {"Horsemen":20}, {"Swordsmen":22}, {"Archers":18}],
"army50":[{"Archers":53}, {"Swordsmen":51}, {"Archers":45}, {"Spearmen":51}],
"army51":[{"Spearmen":10}, {"Spearmen":8}, {"Horsemen":8}, {"Archers":10}, {"Swordsmen":11}, {"Archers":9}, {"Swordsmen":9}, {"Horsemen":9}, {"Archers":8}, {"Spearmen":9}, {"Archers":8}, {"Swordsmen":9}, {"Spearmen":11}, {"Horsemen":8}, {"Horsemen":9}, {"Archers":8}, {"Archers":9}, {"Archers":11}, {"Swordsmen":9}, {"Archers":7}, {"Spearmen":10}, {"Archers":10}],
"army52":[{"Archers":11}, {"Archers":12}, {"Swordsmen":10}, {"Horsemen":8}, {"Spearmen":12}, {"Horsemen":8}, {"Archers":10}, {"Swordsmen":12}, {"Archers":9}, {"Spearmen":8}, {"Horsemen":10}, {"Archers":8}, {"Spearmen":11}, {"Swordsmen":8}, {"Swordsmen":10}, {"Archers":8}, {"Horsemen":9}, {"Swordsmen":8}, {"Horsemen":10}, {"Archers":11}, {"Horsemen":7}],
"army53":[{"Swordsmen":27}, {"Archers":17}, {"Archers":23}, {"Archers":25}, {"Swordsmen":22}, {"Swordsmen":27}, {"Archers":19}, {"Swordsmen":23}, {"Horsemen":17}],
"army54":[{"Spearmen":7}, {"Archers":10}, {"Horsemen":9}, {"Swordsmen":7}, {"Spearmen":10}, {"Archers":7}, {"Spearmen":8}, {"Swordsmen":7}, {"Spearmen":9}, {"Horsemen":7}, {"Spearmen":7}, {"Spearmen":6}, {"Spearmen":7}, {"Horsemen":9}, {"Horsemen":9}, {"Archers":6}, {"Archers":6}, {"Horsemen":9}, {"Swordsmen":7}, {"Archers":6}, {"Horsemen":6}, {"Horsemen":9}, {"Archers":9}, {"Swordsmen":7}, {"Spearmen":7}, {"Horsemen":9}],
"army55":[{"Swordsmen":25}, {"Horsemen":30}, {"Spearmen":29}, {"Archers":28}, {"Spearmen":32}, {"Spearmen":32}, {"Swordsmen":24}],
"army56":[{"Spearmen":19}, {"Swordsmen":21}, {"Archers":19}, {"Archers":21}, {"Swordsmen":28}, {"Spearmen":26}, {"Archers":20}, {"Horsemen":19}, {"Archers":27}],
"army57":[{"Spearmen":9}, {"Horsemen":8}, {"Spearmen":9}, {"Spearmen":10}, {"Spearmen":7}, {"Archers":9}, {"Spearmen":8}, {"Swordsmen":6}, {"Archers":7}, {"Horsemen":9}, {"Swordsmen":9}, {"Spearmen":9}, {"Swordsmen":7}, {"Horsemen":9}, {"Swordsmen":8}, {"Archers":6}, {"Archers":6}, {"Swordsmen":9}, {"Swordsmen":6}, {"Swordsmen":8}, {"Horsemen":7}, {"Spearmen":6}, {"Archers":6}, {"Horsemen":7}, {"Spearmen":6}, {"Swordsmen":9}],
"army58":[{"Archers":20}, {"Archers":17}, {"Spearmen":16}, {"Archers":12}, {"Archers":15}, {"Archers":15}, {"Swordsmen":13}, {"Spearmen":16}, {"Archers":12}, {"Spearmen":15}, {"Swordsmen":18}, {"Horsemen":15}, {"Horsemen":16}],
"army59":[{"Archers":7}, {"Horsemen":6}, {"Swordsmen":8}, {"Archers":6}, {"Swordsmen":6}, {"Archers":6}, {"Archers":7}, {"Archers":8}, {"Archers":6}, {"Archers":8}, {"Archers":8}, {"Swordsmen":8}, {"Horsemen":8}, {"Archers":7}, {"Horsemen":7}, {"Spearmen":6}, {"Swordsmen":8}, {"Spearmen":6}, {"Horsemen":6}, {"Archers":8}, {"Spearmen":6}, {"Swordsmen":6}, {"Spearmen":6}, {"Swordsmen":6}, {"Spearmen":7}, {"Horsemen":8}, {"Archers":6}, {"Swordsmen":8}, {"Horsemen":7}],
"army60":[{"Spearmen":15}, {"Archers":18}, {"Archers":22}, {"Horsemen":17}, {"Archers":16}, {"Horsemen":20}, {"Archers":17}, {"Spearmen":19}, {"Spearmen":18}, {"Swordsmen":17}, {"Archers":21}],
"army61":[{"Horsemen":7}, {"Horsemen":10}, {"Archers":10}, {"Spearmen":8}, {"Archers":7}, {"Swordsmen":7}, {"Archers":7}, {"Horsemen":10}, {"Archers":7}, {"Horsemen":9}, {"Spearmen":9}, {"Spearmen":8}, {"Archers":7}, {"Horsemen":7}, {"Spearmen":9}, {"Swordsmen":10}, {"Spearmen":7}, {"Archers":10}, {"Spearmen":10}, {"Archers":7}, {"Horsemen":6}, {"Spearmen":9}, {"Spearmen":7}, {"Spearmen":6}, {"Spearmen":6}],
"army62":[{"Spearmen":72}, {"Swordsmen":61}, {"Horsemen":67}],
"army63":[{"Horsemen":7}, {"Spearmen":10}, {"Archers":7}, {"Spearmen":8}, {"Spearmen":7}, {"Horsemen":6}, {"Archers":9}, {"Archers":8}, {"Horsemen":7}, {"Swordsmen":9}, {"Spearmen":9}, {"Spearmen":9}, {"Archers":8}, {"Swordsmen":8}, {"Horsemen":7}, {"Spearmen":9}, {"Archers":8}, {"Archers":7}, {"Horsemen":7}, {"Horsemen":6}, {"Spearmen":8}, {"Swordsmen":7}, {"Spearmen":6}, {"Swordsmen":7}, {"Archers":9}, {"Horsemen":7}],
"army64":[{"Swordsmen":48}, {"Swordsmen":57}, {"Spearmen":37}, {"Spearmen":58}],
"army65":[{"Archers":14}, {"Archers":14}, {"Archers":11}, {"Swordsmen":13}, {"Swordsmen":13}, {"Archers":11}, {"Horsemen":15}, {"Spearmen":10}, {"Swordsmen":13}, {"Horsemen":12}, {"Spearmen":10}, {"Spearmen":9}, {"Archers":12}, {"Swordsmen":11}, {"Swordsmen":9}, {"Spearmen":14}, {"Archers":9}],
"army66":[{"Swordsmen":50}, {"Swordsmen":55}, {"Swordsmen":53}, {"Spearmen":42}],
"army67":[{"Swordsmen":29}, {"Archers":46}, {"Swordsmen":44}, {"Horsemen":46}, {"Swordsmen":35}],
"army68":[{"Spearmen":12}, {"Swordsmen":9}, {"Spearmen":12}, {"Horsemen":10}, {"Horsemen":9}, {"Spearmen":9}, {"Archers":11}, {"Horsemen":13}, {"Archers":12}, {"Swordsmen":9}, {"Archers":9}, {"Archers":12}, {"Swordsmen":9}, {"Swordsmen":11}, {"Swordsmen":10}, {"Spearmen":10}, {"Spearmen":9}, {"Archers":8}, {"Swordsmen":8}, {"Horsemen":8}],
"army69":[{"Swordsmen":14}, {"Spearmen":18}, {"Archers":17}, {"Spearmen":14}, {"Horsemen":18}, {"Swordsmen":20}, {"Swordsmen":15}, {"Horsemen":12}, {"Swordsmen":19}, {"Spearmen":18}, {"Swordsmen":18}, {"Archers":17}],
"army70":[{"Spearmen":8}, {"Spearmen":8}, {"Spearmen":9}, {"Swordsmen":8}, {"Swordsmen":7}, {"Swordsmen":10}, {"Spearmen":10}, {"Spearmen":9}, {"Swordsmen":10}, {"Horsemen":8}, {"Horsemen":9}, {"Horsemen":10}, {"Horsemen":8}, {"Horsemen":9}, {"Swordsmen":10}, {"Archers":10}, {"Horsemen":7}, {"Spearmen":8}, {"Horsemen":9}, {"Spearmen":10}, {"Horsemen":8}, {"Swordsmen":6}, {"Swordsmen":9}],
"army71":[{"Spearmen":27}, {"Horsemen":27}, {"Swordsmen":34}, {"Archers":32}, {"Spearmen":22}, {"Horsemen":25}, {"Archers":33}],
"army72":[{"Swordsmen":23}, {"Swordsmen":25}, {"Spearmen":23}, {"Archers":35}, {"Spearmen":34}, {"Swordsmen":34}, {"Archers":26}],
"army73":[{"Horsemen":49}, {"Horsemen":59}, {"Swordsmen":44}, {"Horsemen":48}],
"army74":[{"Archers":8}, {"Swordsmen":10}, {"Archers":11}, {"Spearmen":8}, {"Swordsmen":12}, {"Spearmen":11}, {"Spearmen":8}, {"Horsemen":8}, {"Spearmen":9}, {"Archers":11}, {"Horsemen":12}, {"Archers":10}, {"Archers":12}, {"Swordsmen":10}, {"Spearmen":7}, {"Horsemen":8}, {"Horsemen":9}, {"Spearmen":8}, {"Archers":8}, {"Horsemen":9}, {"Spearmen":11}],
"army75":[{"Spearmen":78}, {"Archers":64}, {"Archers":58}],
"army76":[{"Horsemen":12}, {"Swordsmen":8}, {"Swordsmen":11}, {"Spearmen":11}, {"Archers":8}, {"Horsemen":9}, {"Swordsmen":10}, {"Archers":12}, {"Horsemen":11}, {"Swordsmen":8}, {"Spearmen":12}, {"Swordsmen":11}, {"Swordsmen":10}, {"Archers":10}, {"Archers":10}, {"Archers":9}, {"Archers":11}, {"Horsemen":10}, {"Archers":7}, {"Swordsmen":10}],
"army77":[{"Archers":43}, {"Archers":40}, {"Horsemen":50}, {"Archers":32}, {"Archers":35}],
"army78":[{"Horsemen":10}, {"Swordsmen":9}, {"Spearmen":8}, {"Horsemen":10}, {"Archers":9}, {"Swordsmen":8}, {"Archers":8}, {"Horsemen":9}, {"Horsemen":10}, {"Swordsmen":9}, {"Horsemen":7}, {"Spearmen":7}, {"Swordsmen":8}, {"Archers":10}, {"Horsemen":8}, {"Swordsmen":10}, {"Swordsmen":7}, {"Swordsmen":8}, {"Spearmen":10}, {"Spearmen":8}, {"Horsemen":10}, {"Horsemen":8}, {"Archers":9}],
"army79":[{"Archers":62}, {"Swordsmen":73}, {"Swordsmen":65}],
"army80":[{"Horsemen":30}, {"Archers":33}, {"Swordsmen":30}, {"Swordsmen":30}, {"Spearmen":38}, {"Horsemen":39}],
"army81":[{"Horsemen":13}, {"Spearmen":9}, {"Swordsmen":10}, {"Horsemen":12}, {"Horsemen":14}, {"Swordsmen":14}, {"Spearmen":12}, {"Horsemen":10}, {"Spearmen":9}, {"Archers":9}, {"Archers":11}, {"Swordsmen":14}, {"Horsemen":12}, {"Archers":11}, {"Spearmen":10}, {"Horsemen":10}, {"Archers":10}, {"Horsemen":10}],
"army82":[{"Swordsmen":12}, {"Horsemen":14}, {"Swordsmen":17}, {"Spearmen":15}, {"Horsemen":12}, {"Swordsmen":14}, {"Swordsmen":14}, {"Swordsmen":15}, {"Archers":13}, {"Archers":10}, {"Archers":16}, {"Horsemen":14}, {"Swordsmen":10}, {"Horsemen":13}, {"Swordsmen":11}],
"army83":[{"Archers":9}, {"Horsemen":9}, {"Archers":8}, {"Archers":6}, {"Spearmen":9}, {"Spearmen":9}, {"Spearmen":6}, {"Archers":8}, {"Spearmen":8}, {"Archers":6}, {"Spearmen":8}, {"Horsemen":6}, {"Horsemen":7}, {"Archers":7}, {"Archers":6}, {"Horsemen":6}, {"Spearmen":7}, {"Horsemen":6}, {"Archers":9}, {"Spearmen":9}, {"Spearmen":6}, {"Swordsmen":9}, {"Swordsmen":8}, {"Archers":7}, {"Swordsmen":8}, {"Horsemen":7}, {"Archers":6}],
"army84":[{"Archers":100}, {"Archers":100}],
"army85":[{"Swordsmen":10}, {"Archers":7}, {"Horsemen":10}, {"Spearmen":9}, {"Horsemen":8}, {"Horsemen":10}, {"Archers":7}, {"Swordsmen":8}, {"Swordsmen":6}, {"Spearmen":8}, {"Swordsmen":7}, {"Swordsmen":8}, {"Archers":8}, {"Spearmen":7}, {"Horsemen":8}, {"Horsemen":7}, {"Spearmen":6}, {"Horsemen":9}, {"Archers":8}, {"Swordsmen":8}, {"Swordsmen":9}, {"Horsemen":9}, {"Horsemen":7}, {"Horsemen":7}, {"Horsemen":9}],
"army86":[{"Swordsmen":200}],
"army87":[{"Spearmen":24}, {"Horsemen":27}, {"Horsemen":19}, {"Swordsmen":26}, {"Archers":20}, {"Archers":20}, {"Archers":25}, {"Horsemen":20}, {"Swordsmen":19}],
"army88":[{"Spearmen":61}, {"Swordsmen":71}, {"Horsemen":68}],
"army89":[{"Swordsmen":6}, {"Archers":9}, {"Archers":9}, {"Archers":7}, {"Archers":8}, {"Archers":6}, {"Spearmen":6}, {"Archers":9}, {"Horsemen":7}, {"Swordsmen":8}, {"Spearmen":8}, {"Spearmen":8}, {"Swordsmen":8}, {"Spearmen":6}, {"Swordsmen":6}, {"Swordsmen":6}, {"Spearmen":8}, {"Swordsmen":9}, {"Swordsmen":6}, {"Spearmen":9}, {"Swordsmen":6}, {"Spearmen":6}, {"Horsemen":8}, {"Spearmen":8}, {"Swordsmen":8}, {"Horsemen":7}, {"Swordsmen":8}],
"army90":[{"Spearmen":38}, {"Spearmen":48}, {"Horsemen":37}, {"Horsemen":40}, {"Archers":37}],
"army91":[{"Spearmen":11}, {"Horsemen":12}, {"Swordsmen":11}, {"Archers":9}, {"Archers":12}, {"Horsemen":11}, {"Horsemen":12}, {"Archers":10}, {"Archers":8}, {"Swordsmen":11}, {"Archers":9}, {"Archers":10}, {"Archers":8}, {"Spearmen":8}, {"Archers":9}, {"Archers":12}, {"Horsemen":8}, {"Spearmen":10}, {"Horsemen":10}, {"Archers":9}],
"army92":[{"Horsemen":7}, {"Spearmen":8}, {"Archers":8}, {"Swordsmen":9}, {"Swordsmen":9}, {"Archers":9}, {"Spearmen":7}, {"Horsemen":7}, {"Spearmen":9}, {"Archers":9}, {"Spearmen":7}, {"Swordsmen":10}, {"Spearmen":8}, {"Archers":8}, {"Horsemen":8}, {"Horsemen":10}, {"Horsemen":8}, {"Spearmen":7}, {"Archers":10}, {"Archers":8}, {"Spearmen":8}, {"Horsemen":6}, {"Horsemen":6}, {"Horsemen":8}, {"Horsemen":6}],
"army93":[{"Spearmen":12}, {"Archers":14}, {"Swordsmen":15}, {"Spearmen":11}, {"Swordsmen":10}, {"Swordsmen":16}, {"Swordsmen":14}, {"Horsemen":15}, {"Archers":14}, {"Horsemen":13}, {"Horsemen":10}, {"Spearmen":12}, {"Spearmen":15}, {"Spearmen":15}, {"Archers":14}],
"army94":[{"Swordsmen":11}, {"Horsemen":11}, {"Archers":12}, {"Spearmen":10}, {"Swordsmen":13}, {"Horsemen":12}, {"Swordsmen":9}, {"Swordsmen":11}, {"Archers":10}, {"Swordsmen":9}, {"Spearmen":10}, {"Horsemen":12}, {"Swordsmen":9}, {"Spearmen":10}, {"Swordsmen":12}, {"Spearmen":9}, {"Spearmen":9}, {"Spearmen":9}, {"Spearmen":12}],
"army95":[{"Archers":11}, {"Horsemen":13}, {"Swordsmen":12}, {"Swordsmen":12}, {"Archers":11}, {"Swordsmen":14}, {"Spearmen":12}, {"Archers":12}, {"Swordsmen":15}, {"Horsemen":15}, {"Swordsmen":10}, {"Archers":14}, {"Archers":14}, {"Swordsmen":14}, {"Spearmen":10}, {"Spearmen":11}],
"army96":[{"Archers":14}, {"Archers":12}, {"Horsemen":18}, {"Swordsmen":12}, {"Archers":16}, {"Archers":14}, {"Swordsmen":15}, {"Horsemen":13}, {"Archers":18}, {"Archers":14}, {"Archers":15}, {"Spearmen":14}, {"Spearmen":12}, {"Horsemen":13}],
"army97":[{"Horsemen":9}, {"Archers":10}, {"Spearmen":10}, {"Swordsmen":8}, {"Horsemen":7}, {"Spearmen":8}, {"Spearmen":10}, {"Horsemen":8}, {"Horsemen":9}, {"Archers":10}, {"Archers":9}, {"Archers":9}, {"Archers":7}, {"Archers":9}, {"Swordsmen":6}, {"Spearmen":8}, {"Horsemen":7}, {"Spearmen":7}, {"Archers":6}, {"Spearmen":8}, {"Horsemen":8}, {"Archers":6}, {"Horsemen":8}, {"Archers":6}, {"Horsemen":7}],
"army98":[{"Spearmen":14}, {"Horsemen":13}, {"Horsemen":16}, {"Spearmen":14}, {"Swordsmen":20}, {"Spearmen":17}, {"Swordsmen":18}, {"Archers":15}, {"Spearmen":16}, {"Archers":15}, {"Swordsmen":13}, {"Horsemen":15}, {"Swordsmen":14}],
"army99":[{"Spearmen":14}, {"Archers":17}, {"Archers":20}, {"Spearmen":15}, {"Horsemen":19}, {"Horsemen":17}, {"Archers":19}, {"Spearmen":20}, {"Swordsmen":13}, {"Archers":13}, {"Horsemen":14}, {"Swordsmen":19}]}